City_ID,City,Country,Date,Lat,Lng,Max Temp,Humidity,Cloudiness,Wind Speed
0,Okhotsk,RU,2021-05-20 03:17:56,59.3833,143.3,38.21,74,65,7.05
1,Odweyne,SO,2021-05-20 03:17:57,9.4092,45.064,73.06,63,94,12.48
2,Atuona,PF,2021-05-20 03:17:58,-9.8,-139.0333,80.04,77,15,17.45
3,Tevaitoa,PF,2021-05-20 03:17:59,-16.7833,-151.5,81.41,77,100,18.99
4,Vaini,TO,2021-05-20 03:18:00,-21.2,-175.2,78.96,83,75,10.36
5,Katsuura,JP,2021-05-20 03:18:00,35.1333,140.3,75.11,86,100,5.66
6,Hasaki,JP,2021-05-20 03:18:00,35.7333,140.8333,72.18,80,100,9.93
7,Bluff,NZ,2021-05-20 03:18:01,-46.6,168.3333,61.81,77,85,6.49
8,Albany,US,2021-05-20 03:13:27,42.6001,-73.9662,67.32,53,100,3.74
9,Sorong,ID,2021-05-20 03:18:02,-0.8833,131.25,82.29,79,98,5.14
10,Grand Gaube,MU,2021-05-20 03:18:02,-20.0064,57.6608,72.37,76,18,5.99
11,Olafsvik,IS,2021-05-20 03:18:02,64.8945,-23.7142,39.31,68,16,9.78
12,Muros,ES,2021-05-20 03:18:03,42.7762,-9.0603,58.84,52,58,2.86
13,Ceuta,ES,2021-05-20 03:18:03,35.8903,-5.3075,68.11,93,92,17.25
14,Hilo,US,2021-05-20 03:18:03,19.7297,-155.09,76.73,75,90,11.5
15,Bredasdorp,ZA,2021-05-20 03:18:04,-34.5322,20.0403,58.32,89,100,7.16
16,Marquette,US,2021-05-20 03:16:11,46.5333,-87.6335,64.81,94,100,10.29
17,Onega,RU,2021-05-20 03:18:04,63.9061,38.1404,64.31,69,45,9.89
18,Provideniya,RU,2021-05-20 03:18:04,64.3833,-173.3,33.91,75,0,8.95
19,Eureka,US,2021-05-20 03:13:16,40.8021,-124.1637,52.66,76,2,8.01
20,Barrow,US,2021-05-20 03:18:05,71.2906,-156.7887,30.22,80,90,9.22
21,Kaitangata,NZ,2021-05-20 03:18:05,-46.2817,169.8464,58.1,65,64,2.8
22,Bobrov,RU,2021-05-20 03:18:06,51.0961,40.0333,53.74,94,90,11.12
23,Bairiki,KI,2021-05-20 03:18:06,1.3292,172.9752,84.2,81,75,11.45
24,Butaritari,KI,2021-05-20 03:18:06,3.0707,172.7902,81.59,80,81,12.26
25,Punta Arenas,CL,2021-05-20 03:18:07,-53.15,-70.9167,44.71,79,90,10.63
26,Morogoro,TZ,2021-05-20 03:18:07,-6.8167,37.6667,64.51,89,94,2.68
27,Cape Town,ZA,2021-05-20 03:17:06,-33.9258,18.4232,60.89,93,75,5.01
28,Tual,ID,2021-05-20 03:18:07,-5.6667,132.75,79.14,90,100,17.96
29,Laguna,US,2021-05-20 03:18:08,38.421,-121.4238,69.78,45,1,7.0
30,Ushuaia,AR,2021-05-20 03:18:08,-54.8,-68.3,40.66,93,90,0.0
31,Ajaigarh,IN,2021-05-20 03:18:08,24.9,80.2667,87.85,54,97,12.28
32,Searcy,US,2021-05-20 03:18:09,35.2506,-91.7363,74.12,100,90,0.0
33,Mataura,NZ,2021-05-20 03:18:09,-46.1927,168.8643,61.48,70,65,2.71
34,Fortuna,US,2021-05-20 03:18:10,40.5982,-124.1573,52.2,65,90,8.99
35,Upernavik,GL,2021-05-20 03:18:10,72.7868,-56.1549,25.59,76,17,8.7
36,Manaus,BR,2021-05-20 03:13:50,-3.1019,-60.025,75.7,94,75,0.0
37,Qaanaaq,GL,2021-05-20 03:18:11,77.484,-69.3632,27.3,77,35,7.54
38,Dalbandin,PK,2021-05-20 03:18:12,28.8947,64.4101,90.03,8,0,8.05
39,Mahebourg,MU,2021-05-20 03:18:12,-20.4081,57.7,72.25,73,82,25.3
40,Comodoro Rivadavia,AR,2021-05-20 03:18:12,-45.8667,-67.5,49.86,93,0,0.0
41,Hanyang,CN,2021-05-20 03:18:13,32.1371,105.5126,74.95,48,100,1.99
42,Nome,US,2021-05-20 03:18:13,64.5011,-165.4064,47.16,53,1,8.05
43,Asau,RO,2021-05-20 03:18:13,46.4333,26.4,52.75,63,100,2.84
44,Tasiilaq,GL,2021-05-20 03:18:13,65.6145,-37.6368,21.36,71,21,4.92
45,Dagana,MR,2021-05-20 03:18:14,16.5165,-15.5068,79.09,36,100,8.16
46,Hithadhoo,MV,2021-05-20 03:18:14,-0.6,73.0833,84.18,69,18,8.46
47,Busselton,AU,2021-05-20 03:18:14,-33.65,115.3333,68.04,57,17,5.14
48,Praia,CV,2021-05-20 03:18:19,14.9215,-23.5087,72.14,78,0,5.75
49,Licheng,CN,2021-05-20 03:18:20,23.2955,113.8284,91.33,61,100,9.17
50,Codrington,AU,2021-05-20 03:18:20,-38.2667,141.9667,58.33,73,98,7.65
51,Pangai,TO,2021-05-20 03:18:20,-19.8,-174.35,80.71,74,75,14.97
52,Chokurdakh,RU,2021-05-20 03:18:21,70.6333,147.9167,31.98,100,100,6.55
53,Cherskiy,RU,2021-05-20 03:18:21,68.75,161.3,46.15,52,90,5.39
54,Coahuayana,MX,2021-05-20 03:18:21,18.7333,-103.6833,73.47,74,0,0.96
55,Bure,ET,2021-05-20 03:18:22,10.7,37.0667,57.78,91,98,0.92
56,Joaima,BR,2021-05-20 03:18:22,-16.6542,-41.0306,64.76,89,6,0.67
57,Rikitea,PF,2021-05-20 03:18:22,-23.1203,-134.9692,73.36,59,68,18.1
58,Arraial Do Cabo,BR,2021-05-20 03:18:22,-22.9661,-42.0278,70.29,72,50,3.15
59,Dikson,RU,2021-05-20 03:18:23,73.5069,80.5464,21.24,90,100,6.67
60,Yellowknife,CA,2021-05-20 03:14:13,62.456,-114.3525,35.56,34,10,8.99
61,San Policarpo,PH,2021-05-20 03:18:23,12.1791,125.5072,83.23,78,100,6.49
62,Pevek,RU,2021-05-20 03:18:24,69.7008,170.3133,33.71,89,78,6.64
63,Nanakuli,US,2021-05-20 03:18:25,21.3906,-158.1547,82.35,65,1,18.21
64,Parana,AR,2021-05-20 03:13:52,-31.732,-60.5238,60.57,92,100,5.48
65,San Quintin,MX,2021-05-20 03:18:26,30.4833,-115.95,60.85,88,19,15.9
66,Carnarvon,AU,2021-05-20 03:18:26,-24.8667,113.6333,80.67,39,0,9.22
67,Krasnoselkup,RU,2021-05-20 03:18:26,65.7,82.4667,27.57,57,13,8.79
68,Jamestown,US,2021-05-20 03:14:02,42.097,-79.2353,69.44,56,1,1.99
69,Harper,LR,2021-05-20 03:18:27,4.375,-7.7169,78.57,79,100,5.32
70,Sept-Iles,CA,2021-05-20 03:18:27,50.2001,-66.3821,42.06,89,40,3.44
71,Fomboni,KM,2021-05-20 03:18:28,-12.28,43.7425,81.34,65,44,17.63
72,Poland,US,2021-05-20 03:18:28,44.0606,-70.3937,58.93,74,1,0.0
73,Bathsheba,BB,2021-05-20 03:18:28,13.2167,-59.5167,81.21,73,20,16.17
74,Port Alfred,ZA,2021-05-20 03:17:26,-33.5906,26.891,74.17,38,28,14.65
75,Najran,SA,2021-05-20 03:18:29,17.4924,44.1277,70.45,15,29,2.08
76,Makakilo City,US,2021-05-20 03:18:29,21.3469,-158.0858,80.92,65,1,20.49
77,Saldanha,ZA,2021-05-20 03:18:29,-33.0117,17.9442,57.25,93,100,18.75
78,Kodiak,US,2021-05-20 03:18:30,57.79,-152.4072,42.31,100,90,17.27
79,Bethel,US,2021-05-20 03:18:29,41.3712,-73.414,65.64,61,1,0.0
80,Puquio,PE,2021-05-20 03:18:30,-14.7,-74.1333,47.17,43,11,2.71
81,East London,ZA,2021-05-20 03:18:31,-33.0153,27.9116,83.34,26,0,11.5
82,San Patricio,US,2021-05-20 03:18:31,28.017,-97.5169,70.84,94,97,8.88
83,Bodden Town,KY,2021-05-20 03:18:31,19.2833,-81.25,81.93,72,59,13.78
84,Whitehorse,CA,2021-05-20 03:18:32,60.7161,-135.0538,59.77,32,40,3.0
85,Kieta,PG,2021-05-20 03:18:32,-6.2167,155.6333,85.17,69,97,4.99
86,Severo-Kurilsk,RU,2021-05-20 03:18:32,50.6789,156.125,43.05,84,64,5.17
87,Ponta Delgada,PT,2021-05-20 03:18:32,37.7333,-25.6667,65.12,100,75,4.61
88,Rawson,AR,2021-05-20 03:18:33,-43.3002,-65.1023,55.87,92,100,17.02
89,Kavieng,PG,2021-05-20 03:18:33,-2.5744,150.7967,85.41,68,19,5.97
90,Bengkulu,ID,2021-05-20 03:18:33,-3.8004,102.2655,83.08,73,98,1.28
91,Avarua,CK,2021-05-20 03:18:33,-21.2078,-159.775,80.65,74,75,17.27
92,Andenes,NO,2021-05-20 03:18:34,69.3143,16.1194,42.78,93,90,8.05
93,Loukhi,RU,2021-05-20 03:18:34,66.0764,33.0381,62.69,76,23,10.4
94,Hobart,AU,2021-05-20 03:15:37,-42.8794,147.3294,58.05,47,40,4.0
95,Constanza,DE,2021-05-20 03:18:34,47.6603,9.1758,48.33,88,98,1.99
96,Pisco,PE,2021-05-20 03:14:35,-13.7,-76.2167,64.45,88,0,5.75
97,Bambous Virieux,MU,2021-05-20 03:18:21,-20.3428,57.7575,72.21,72,77,24.99
98,La Ronge,CA,2021-05-20 03:18:35,55.1001,-105.2842,28.65,54,90,11.5
99,Saskylakh,RU,2021-05-20 03:18:35,71.9167,114.0833,28.22,88,99,10.02
100,Kupang,ID,2021-05-20 03:18:35,-10.1667,123.5833,88.38,55,20,11.5
101,Kapaa,US,2021-05-20 03:18:20,22.0752,-159.319,80.58,69,75,4.0
102,Cabo San Lucas,MX,2021-05-20 03:18:36,22.8909,-109.9124,79.52,68,1,11.5
103,Sitka,US,2021-05-20 03:18:36,57.0531,-135.33,49.89,71,40,16.11
104,Mogadishu,SO,2021-05-20 03:18:37,2.0371,45.3438,78.35,87,100,17.47
105,Sembe,CG,2021-05-20 03:18:37,1.6481,14.5806,70.32,98,92,0.81
106,Polonnaruwa,LK,2021-05-20 03:18:37,7.9333,81.0,86.36,60,74,9.42
107,Madera,US,2021-05-20 03:18:37,37.1666,-119.8343,69.57,28,0,10.65
108,Naranjal,EC,2021-05-20 03:18:38,-2.6667,-79.6167,73.53,93,88,3.33
109,Hovd,MN,2021-05-20 03:18:38,48.0056,91.6419,65.25,28,82,13.91
110,Pacific Grove,US,2021-05-20 03:18:38,36.6177,-121.9166,57.61,76,20,7.0
111,West Bay,KY,2021-05-20 03:18:39,19.3667,-81.4167,82.0,79,47,3.0
112,Clyde River,CA,2021-05-20 03:18:39,70.4692,-68.5914,8.83,72,1,6.91
113,Faanui,PF,2021-05-20 03:18:39,-16.4833,-151.75,81.9,76,100,18.59
114,Georgetown,MY,2021-05-20 03:15:04,5.4112,100.3354,85.95,78,20,3.76
115,Lynchburg,US,2021-05-20 03:18:39,37.4138,-79.1423,65.12,74,1,1.5
116,Karratha,AU,2021-05-20 03:18:40,-20.7377,116.8463,83.64,20,4,15.39
117,Birao,CF,2021-05-20 03:18:40,10.2849,22.7882,79.65,57,44,4.43
118,Srednekolymsk,RU,2021-05-20 03:18:40,67.45,153.6833,43.57,63,94,11.52
119,Arlit,NE,2021-05-20 03:18:41,18.7369,7.3853,88.29,11,0,8.14
120,Vila Velha,BR,2021-05-20 03:18:41,-20.3297,-40.2925,70.95,94,75,3.44
121,Smithers,CA,2021-05-20 03:15:02,54.7804,-127.1743,52.12,62,40,8.05
122,Severo-Yeniseyskiy,RU,2021-05-20 03:14:42,60.3725,93.0408,38.12,44,10,6.76
123,Nikolskoye,RU,2021-05-20 03:18:42,59.7035,30.7861,57.4,88,97,5.26
124,Mar Del Plata,AR,2021-05-20 03:18:42,-38.0023,-57.5575,52.12,60,0,0.0
125,Magdagachi,RU,2021-05-20 03:18:43,53.45,125.8,41.11,89,100,2.73
126,Lavrentiya,RU,2021-05-20 03:18:43,65.5833,-171.0,33.64,95,56,3.4
127,Araxa,BR,2021-05-20 03:18:43,-19.5933,-46.9406,67.96,52,0,4.61
128,The Valley,AI,2021-05-20 03:18:43,18.217,-63.0578,80.46,75,86,11.56
129,Tupiza,BO,2021-05-20 03:18:44,-21.45,-65.7167,49.89,18,8,8.16
130,Hermanus,ZA,2021-05-20 03:18:44,-34.4187,19.2345,58.89,83,100,20.96
131,Vila Franca Do Campo,PT,2021-05-20 03:18:45,37.7167,-25.4333,64.81,92,32,4.27
132,Souillac,MU,2021-05-20 03:18:45,-20.5167,57.5167,72.36,77,99,25.12
133,Vuktyl,RU,2021-05-20 03:18:45,63.8567,57.3094,64.18,63,90,7.61
134,Iqaluit,CA,2021-05-20 03:18:45,63.7506,-68.5145,20.93,68,75,8.05
135,Maine-Soroa,NE,2021-05-20 03:18:46,13.2114,12.0241,85.28,13,36,5.57
136,Castro,BR,2021-05-20 03:18:46,-24.7911,-50.0119,50.61,52,0,2.59
137,Fengzhen,CN,2021-05-20 03:18:46,40.4394,113.1536,66.06,38,77,6.44
138,Uthal,PK,2021-05-20 03:18:47,25.8072,66.6219,83.97,70,0,2.19
139,Ostrovnoy,RU,2021-05-20 03:18:47,68.0531,39.5131,59.63,64,70,7.0
140,Pitimbu,BR,2021-05-20 03:18:47,-7.4706,-34.8086,73.99,80,0,4.14
141,Ponta Do Sol,PT,2021-05-20 03:18:48,32.6667,-17.1,72.23,58,5,4.63
142,Tiksi,RU,2021-05-20 03:18:48,71.6872,128.8694,30.99,92,100,8.1
143,Vilhena,BR,2021-05-20 03:18:48,-12.7406,-60.1458,67.96,71,31,2.3
144,Moerai,PF,2021-05-20 03:18:48,-22.4333,-151.3333,76.28,62,0,12.57
145,Beringovskiy,RU,2021-05-20 03:18:49,63.05,179.3167,36.52,83,86,12.48
146,Port Hardy,CA,2021-05-20 03:15:06,50.6996,-127.4199,48.4,79,48,13.11
147,Dentsville,US,2021-05-20 03:18:49,34.064,-80.9582,71.62,74,1,6.11
148,Santa Rosalia,MX,2021-05-20 03:18:49,27.3167,-112.2833,78.53,43,0,7.09
149,Shetpe,KZ,2021-05-20 03:18:50,44.1667,52.1167,68.58,50,68,18.5
150,Windhoek,NA,2021-05-20 03:18:50,-22.5594,17.0832,50.2,57,0,5.75
151,Amealco,MX,2021-05-20 03:18:51,20.1833,-100.15,62.67,29,6,7.76
152,Berlevag,NO,2021-05-20 03:18:51,70.8578,29.0864,39.2,94,100,7.49
153,Ketchikan,US,2021-05-20 03:18:51,55.3422,-131.6461,52.84,74,20,5.39
154,Bay Roberts,CA,2021-05-20 03:18:52,47.5999,-53.2648,41.02,88,32,1.01
155,Nyzhnya Duvanka,UA,2021-05-20 03:18:52,49.5846,38.1743,53.78,93,91,12.66
156,Acapulco,MX,2021-05-20 03:18:52,16.8634,-99.8901,80.62,69,0,7.2
157,Jiuquan,CN,2021-05-20 03:18:53,39.7432,98.5174,72.7,13,1,1.63
158,Vila,PT,2021-05-20 03:18:54,42.0304,-8.1588,47.93,60,66,2.75
159,Kandrian,PG,2021-05-20 03:18:54,-6.2167,149.55,85.19,72,99,8.16
160,Hambantota,LK,2021-05-20 03:18:54,6.1241,81.1185,83.98,75,90,15.93
161,Sur,OM,2021-05-20 03:18:55,22.5667,59.5289,93.2,38,11,2.51
162,Rocha,UY,2021-05-20 03:18:55,-34.4833,-54.3333,45.54,91,50,0.94
163,Vanavara,RU,2021-05-20 03:18:55,60.34,102.2797,44.37,36,43,3.27
164,Haines Junction,CA,2021-05-20 03:18:56,60.7522,-137.5108,49.95,43,72,13.8
165,Sola,VU,2021-05-20 03:18:56,-13.8833,167.55,81.27,83,90,5.75
166,Mount Pleasant,US,2021-05-20 03:18:57,32.7941,-79.8626,72.0,77,90,1.01
167,Gorin,RU,2021-05-20 03:18:59,51.1983,136.6669,51.71,67,100,6.78
168,Oeiras,BR,2021-05-20 03:18:59,-7.0253,-42.1311,78.71,55,59,1.32
169,Da Nang,VN,2021-05-20 03:19:00,16.0678,108.2208,94.98,55,20,8.05
170,Fairbanks,US,2021-05-20 03:18:27,64.8378,-147.7164,64.36,35,1,4.61
171,Saint-Philippe,RE,2021-05-20 03:19:00,-21.3585,55.7679,72.99,81,96,19.98
172,Dingle,PH,2021-05-20 03:19:00,10.9995,122.6711,85.53,70,100,4.09
173,Makushino,RU,2021-05-20 03:19:01,55.2103,67.2442,59.92,45,10,1.43
174,Omsukchan,RU,2021-05-20 03:19:02,62.5333,155.8,31.77,93,100,6.33
175,Kamaishi,JP,2021-05-20 03:19:02,39.2667,141.8833,70.75,70,100,5.5
176,Vestmannaeyjar,IS,2021-05-20 03:19:03,63.4427,-20.2734,39.54,81,99,2.93
177,Klaksvik,FO,2021-05-20 03:19:03,62.2266,-6.589,36.52,73,99,13.4
178,Norman Wells,CA,2021-05-20 03:18:51,65.282,-126.8329,55.44,33,20,12.66
179,Chumikan,RU,2021-05-20 03:19:03,54.7183,135.315,40.14,81,100,8.75
180,Vao,NC,2021-05-20 03:19:04,-22.6667,167.4833,73.38,76,33,17.9
181,Kotma,IN,2021-05-20 03:19:04,23.2,81.9667,89.91,46,37,10.29
182,Guerrero Negro,MX,2021-05-20 03:19:04,27.9769,-114.0611,61.34,86,0,15.82
183,Pajan,EC,2021-05-20 03:19:04,-1.5667,-80.4167,72.99,93,99,3.2
184,Verkhnevilyuysk,RU,2021-05-20 03:19:05,63.4453,120.3167,46.06,32,78,6.93
185,Chipinge,ZW,2021-05-20 03:19:05,-20.1883,32.6236,51.71,91,0,2.91
186,Le Port,RE,2021-05-20 03:19:05,-20.9373,55.2919,73.4,71,10,10.92
187,Narsaq,GL,2021-05-20 03:19:06,60.9167,-46.05,41.22,67,58,3.31
188,Puerto Ayora,EC,2021-05-20 03:18:37,-0.7393,-90.3518,74.55,89,10,5.99
189,Kurilsk,RU,2021-05-20 03:19:06,45.2333,147.8833,49.08,69,66,2.84
190,New Norfolk,AU,2021-05-20 03:19:06,-42.7826,147.0587,56.71,56,32,5.99
191,Yumen,CN,2021-05-20 03:19:06,40.2833,97.2,73.78,11,0,11.01
192,Ponte Nova,BR,2021-05-20 03:19:07,-20.4164,-42.9086,60.4,86,2,1.68
193,Taraza,CO,2021-05-20 03:19:07,7.5836,-75.4007,75.2,97,14,2.66
194,Bac Lieu,VN,2021-05-20 03:19:08,9.285,105.7244,89.11,58,99,6.93
195,Khatanga,RU,2021-05-20 03:19:08,71.9667,102.5,27.16,91,90,4.76
196,Panaba,MX,2021-05-20 03:19:09,21.2833,-88.2667,79.02,76,68,13.31
197,Sao Filipe,CV,2021-05-20 03:19:09,14.8961,-24.4956,74.53,76,98,5.68
198,Vardo,NO,2021-05-20 03:19:09,70.3705,31.1107,41.2,95,100,16.15
199,Port Elizabeth,ZA,2021-05-20 03:19:10,-33.918,25.5701,57.49,94,27,3.44
200,Gujrat,PK,2021-05-20 03:19:10,32.5728,74.079,78.76,49,0,4.56
201,Xuddur,SO,2021-05-20 03:19:10,4.1213,43.8894,71.15,76,97,15.64
202,Pimenta Bueno,BR,2021-05-20 03:19:11,-11.6725,-61.1936,73.08,77,7,1.48
203,Oktyabrskoye,RU,2021-05-20 03:19:11,43.0645,44.7417,57.34,88,60,2.82
204,Zeya,RU,2021-05-20 03:19:11,53.75,127.2667,47.59,71,99,3.2
205,Saurimo,AO,2021-05-20 03:19:12,-9.6608,20.3916,62.24,62,70,4.47
206,Alofi,NU,2021-05-20 03:19:12,-19.0595,-169.9187,82.29,74,75,11.5
207,Dryden,CA,2021-05-20 03:19:13,49.7833,-92.7503,68.29,73,90,13.8
208,Kysyl-Syr,RU,2021-05-20 03:19:14,63.8986,122.7617,46.13,27,87,4.45
209,Worland,US,2021-05-20 03:19:14,44.0169,-107.9554,63.68,77,75,14.0
210,Beloha,MG,2021-05-20 03:19:14,-25.1667,45.05,63.39,61,0,12.62
211,Aklavik,CA,2021-05-20 03:19:15,68.2191,-135.0107,56.12,53,57,6.93
212,Olinda,BR,2021-05-20 03:19:15,-8.0089,-34.8553,74.93,80,40,2.75
213,Vanimo,PG,2021-05-20 03:19:15,-2.6741,141.3028,85.28,70,87,5.61
214,Paciran,ID,2021-05-20 03:19:16,-6.8767,112.3761,85.51,66,37,1.66
215,Rosarito,MX,2021-05-20 03:19:16,32.3333,-117.0333,63.55,78,91,7.2
216,Visby,SE,2021-05-20 03:19:17,57.6409,18.296,49.86,76,100,6.91
217,Waipawa,NZ,2021-05-20 03:19:18,-41.4122,175.5153,60.03,65,1,6.71
218,Mount Gambier,AU,2021-05-20 03:19:15,-37.8333,140.7667,60.4,70,95,5.75
219,Luderitz,NA,2021-05-20 03:18:55,-26.6481,15.1594,58.39,84,23,7.18
220,Esperance,AU,2021-05-20 03:19:18,-33.8667,121.9,67.53,71,2,4.94
221,Otane,NZ,2021-05-20 03:19:18,-39.8833,176.6333,63.39,50,0,7.27
222,Vostok,RU,2021-05-20 03:19:11,46.4856,135.8833,78.89,31,70,10.45
223,Grindavik,IS,2021-05-20 03:19:19,63.8424,-22.4338,37.87,75,75,1.43
224,Airai,TL,2021-05-20 03:19:19,-8.9266,125.4092,75.11,45,60,4.34
225,San Ignacio,BZ,2021-05-20 03:19:19,17.1561,-89.0714,84.34,98,40,5.68
226,Kurchum,KZ,2021-05-20 03:19:20,48.5722,83.6542,55.15,46,33,23.47
227,Kota Bahru,MY,2021-05-20 03:15:19,6.1333,102.2386,79.07,89,100,5.08
228,Caravelas,BR,2021-05-20 03:18:38,-17.7125,-39.2481,70.38,87,4,1.59
229,Geraldton,AU,2021-05-20 03:19:20,-28.7667,114.6,79.21,50,0,5.26
230,Ndioum,SN,2021-05-20 03:19:20,16.5129,-14.6471,87.04,19,79,7.16
231,Broken Hill,AU,2021-05-20 03:19:20,-31.95,141.4333,65.93,26,100,4.41
232,Saint George,US,2021-05-20 03:17:07,37.1041,-113.5841,84.79,8,1,1.99
233,Mastic Beach,US,2021-05-20 03:19:21,40.7668,-72.8521,62.8,57,1,1.01
234,Dunedin,NZ,2021-05-20 03:18:48,-45.8742,170.5036,59.04,59,38,6.62
235,Ribeira Grande,PT,2021-05-20 03:19:21,38.5167,-28.7,60.31,91,100,20.54
236,Garowe,SO,2021-05-20 03:19:22,8.4054,48.4845,79.12,61,81,20.29
237,Ambilobe,MG,2021-05-20 03:19:22,-13.2,49.05,66.02,84,10,3.56
238,Quatre Cocos,MU,2021-05-20 03:19:22,-20.2078,57.7625,72.09,72,64,24.38
239,Miraflores,MX,2021-05-20 03:19:23,19.2167,-98.8083,68.65,61,8,4.9
240,Sedam,IN,2021-05-20 03:19:23,17.1773,77.2824,83.95,57,79,9.13
241,Aracati,BR,2021-05-20 03:19:23,-4.5617,-37.7697,77.99,86,10,10.13
242,Denpasar,ID,2021-05-20 03:17:13,-8.65,115.2167,85.66,69,20,8.16
243,Kyren,RU,2021-05-20 03:19:23,51.6828,102.1408,57.87,64,99,7.49
244,Tuktoyaktuk,CA,2021-05-20 03:18:37,69.4541,-133.0374,35.6,75,20,17.27
245,Komsomolskiy,UZ,2021-05-20 03:19:24,40.4272,71.7189,70.52,46,92,4.61
246,Faya,SA,2021-05-20 03:19:24,18.3851,42.4509,64.92,36,10,3.74
247,Texistepec,MX,2021-05-20 03:19:24,17.8833,-94.7833,83.46,65,56,18.23
248,Sabang,ID,2021-05-20 03:19:25,5.8933,95.3214,84.24,73,100,10.04
249,Nizhniy Ufaley,RU,2021-05-20 03:19:25,55.9153,59.9842,60.31,55,17,3.4
250,Wucheng,CN,2021-05-20 03:19:25,29.6008,118.175,71.01,83,94,4.43
251,Ornes,NO,2021-05-20 03:19:26,66.8689,13.7078,43.56,90,100,7.34
252,Portland,US,2021-05-20 03:16:34,45.5234,-122.6762,54.55,70,75,1.99
253,Kirov,RU,2021-05-20 03:19:26,58.5966,49.6601,62.2,63,7,7.99
254,Margate,GB,2021-05-20 03:19:26,51.3813,1.3862,50.22,82,99,1.99
255,Machico,PT,2021-05-20 03:19:27,32.7,-16.7667,72.23,14,20,17.27
256,Guarumal,PA,2021-05-20 03:19:27,8.35,-82.5333,79.93,84,53,3.51
257,Port Macquarie,AU,2021-05-20 03:19:27,-31.4333,152.9167,71.89,53,81,3.78
258,Camacha,PT,2021-05-20 03:19:28,33.0833,-16.3333,68.76,82,20,5.75
259,Nanortalik,GL,2021-05-20 03:18:24,60.1432,-45.2371,36.21,78,5,8.03
260,Korla,CN,2021-05-20 03:19:28,41.7597,86.1469,75.42,22,64,3.04
261,Yar-Sale,RU,2021-05-20 03:19:28,66.8333,70.8333,33.94,96,100,20.13
262,Oktyabrskiy,RU,2021-05-20 03:19:28,54.4815,53.471,63.19,57,0,11.1
263,Barentu,ER,2021-05-20 03:19:29,15.1139,37.5928,76.91,42,20,5.66
264,Halifax,CA,2021-05-20 03:18:17,44.6453,-63.5724,51.69,87,90,8.05
265,Tomatlan,MX,2021-05-20 03:19:30,19.9333,-105.25,71.24,81,0,2.68
266,Richards Bay,ZA,2021-05-20 03:19:30,-28.783,32.0377,66.56,75,100,12.8
267,Pochutla,MX,2021-05-20 03:18:43,15.7432,-96.4661,81.82,71,4,6.82
268,Tandil,AR,2021-05-20 03:19:30,-37.3217,-59.1332,51.31,83,100,1.01
269,Pangody,RU,2021-05-20 03:19:31,65.85,74.4859,37.38,45,100,17.78
270,Camargo,MX,2021-05-20 03:19:31,27.6667,-105.1667,78.55,14,18,2.75
271,Banikoara,BJ,2021-05-20 03:19:31,11.2985,2.4386,86.05,45,100,8.08
272,Torbay,CA,2021-05-20 03:19:32,47.6666,-52.7314,40.26,82,40,9.22
273,Pangnirtung,CA,2021-05-20 03:19:32,66.1451,-65.7125,5.25,90,28,7.67
274,La Paz,BO,2021-05-20 03:19:32,-16.5,-68.15,42.19,59,83,1.57
275,Nyurba,RU,2021-05-20 03:19:32,63.2842,118.3319,47.64,22,9,5.77
276,Lebu,CL,2021-05-20 03:19:33,-37.6167,-73.65,53.02,80,64,11.54
277,Mana,GF,2021-05-20 03:19:33,5.6592,-53.7767,77.74,89,78,11.86
278,Mezen,RU,2021-05-20 03:19:34,65.8522,44.24,74.32,50,36,10.92
279,Sao Joao Da Barra,BR,2021-05-20 03:19:34,-21.6403,-41.0511,67.89,83,42,4.27
280,Birin,NP,2021-05-20 03:19:34,26.8865,88.0718,68.0,77,89,1.77
281,Kruisfontein,ZA,2021-05-20 03:17:20,-34.0033,24.7314,62.19,51,29,8.01
282,Linjiang,CN,2021-05-20 03:19:34,41.8069,126.9078,82.38,29,100,1.01
283,Alice Springs,AU,2021-05-20 03:19:35,-23.7,133.8833,74.75,21,9,11.99
284,Nanga Eboko,CM,2021-05-20 03:19:35,4.6833,12.3667,67.21,100,55,2.01
285,Ilulissat,GL,2021-05-20 03:19:35,69.2167,-51.1,35.62,80,75,3.44
286,Ruteng,ID,2021-05-20 03:19:36,-8.6136,120.4721,76.51,56,10,1.54
287,Ahipara,NZ,2021-05-20 03:19:36,-35.1667,173.1667,64.36,70,85,7.11
288,Altamont,US,2021-05-20 03:19:36,42.2068,-121.7372,43.77,61,75,7.0
289,Gigmoto,PH,2021-05-20 03:19:37,13.7796,124.39,85.6,74,100,7.09
290,Maroon Town,JM,2021-05-20 03:19:37,18.3446,-77.7954,73.6,89,35,6.96
291,Morristown,US,2021-05-20 03:19:37,36.214,-83.2949,71.74,52,1,4.61
292,Eirunepe,BR,2021-05-20 03:19:38,-6.6603,-69.8736,72.63,96,100,2.39
293,Fevik,NO,2021-05-20 03:19:38,58.3794,8.6766,47.97,79,8,9.08
294,Muroto,JP,2021-05-20 03:19:39,33.2833,134.15,71.64,95,100,23.26
295,Bolgatanga,GH,2021-05-20 03:19:39,10.7856,-0.8514,87.55,47,84,8.48
296,Thompson,CA,2021-05-20 03:15:06,55.7435,-97.8558,28.56,86,90,16.11
297,Masyaf,SY,2021-05-20 03:19:41,35.0653,36.3406,48.25,39,0,1.39
298,Lagunas,PE,2021-05-20 03:19:42,-5.2269,-75.6753,72.46,95,65,1.32
299,Chernihiv,UA,2021-05-20 03:19:42,51.0,32.0,50.4,96,100,10.18
300,Isangel,VU,2021-05-20 03:19:42,-19.55,169.2667,78.91,76,90,10.38
301,Abu Zabad,SD,2021-05-20 03:19:43,12.35,29.25,83.91,47,96,10.2
302,Bud,US,2021-05-20 03:19:43,39.447,-86.1758,71.44,92,100,5.64
303,Atascadero,US,2021-05-20 03:19:43,35.4894,-120.6707,60.6,57,0,6.38
304,Bandarbeyla,SO,2021-05-20 03:19:44,9.4942,50.8122,83.52,67,88,19.71
305,Coihaique,CL,2021-05-20 03:15:27,-45.5752,-72.0662,40.95,100,90,2.3
306,Mahajanga,MG,2021-05-20 03:19:44,-15.7167,46.3167,68.02,77,20,4.61
307,Abha,SA,2021-05-20 03:19:45,18.2164,42.5053,64.65,34,0,5.32
308,Acarau,BR,2021-05-20 03:19:45,-2.8856,-40.12,77.63,85,6,10.67
309,Yeppoon,AU,2021-05-20 03:19:46,-23.1333,150.7333,78.58,54,1,16.51
310,Lorengau,PG,2021-05-20 03:19:46,-2.0226,147.2712,85.73,69,15,5.97
311,Adrar,MR,2021-05-20 03:19:46,20.5022,-10.0711,87.6,19,67,6.29
312,Christchurch,NZ,2021-05-20 03:19:47,-43.5333,172.6333,59.47,84,24,8.99
313,Lima,PE,2021-05-20 03:17:17,-12.0432,-77.0282,60.13,94,90,5.75
314,Cape Coast,GH,2021-05-20 03:19:47,5.1053,-1.2466,79.34,86,83,9.04
315,Mainburg,DE,2021-05-20 03:19:47,48.65,11.7833,48.22,96,83,8.37
316,Opuwo,NA,2021-05-20 03:19:48,-18.0607,13.84,57.94,37,0,4.25
317,Asyut,EG,2021-05-20 03:19:48,27.181,31.1837,74.32,36,0,12.35
318,Elko,US,2021-05-20 03:18:47,41.0002,-115.5012,64.42,32,6,15.01
319,Nalobikha,RU,2021-05-20 03:19:48,53.2006,84.6039,46.11,36,36,14.54
320,Diego De Almagro,CL,2021-05-20 03:18:59,-26.3667,-70.05,55.99,63,100,2.1
321,Huarmey,PE,2021-05-20 03:19:49,-10.0681,-78.1522,64.33,87,20,8.97
322,Gander,CA,2021-05-20 03:19:11,48.9682,-54.5906,46.53,61,40,13.8
323,Flinders,AU,2021-05-20 03:19:49,-34.5833,150.8552,68.18,42,66,3.0
324,Reconquista,AR,2021-05-20 03:19:49,-29.15,-59.65,56.16,83,39,10.22
325,Praia Da Vitoria,PT,2021-05-20 03:19:50,38.7333,-27.0667,62.76,100,75,10.98
326,Beyneu,KZ,2021-05-20 03:19:50,45.3167,55.2,77.22,32,71,9.57
327,Zelenoborsk,RU,2021-05-20 03:19:50,61.4669,64.0333,63.41,55,100,8.01
328,Labuhan,ID,2021-05-20 03:19:51,-6.8844,112.2051,85.57,65,38,3.56
329,Inhambane,MZ,2021-05-20 03:19:51,-23.865,35.3833,68.88,68,5,5.88
330,Fredericksburg,US,2021-05-20 03:19:52,38.3032,-77.4605,69.66,73,1,0.0
331,Warrington,GB,2021-05-20 03:18:25,53.3925,-2.5802,48.31,95,100,5.84
332,Saint-Pierre,RE,2021-05-20 03:19:53,-21.3393,55.4781,73.08,79,75,29.93
333,Prince Albert,CA,2021-05-20 03:19:53,53.2001,-105.7677,31.95,59,75,12.66
334,Russell,US,2021-05-20 03:15:23,32.3502,-85.1999,74.48,64,1,9.95
335,Hamilton,US,2021-05-20 03:19:54,39.1834,-84.5333,71.35,85,1,2.82
336,San Rafael,AR,2021-05-20 03:19:54,-34.6177,-68.3301,56.53,83,25,10.42
337,Wexford,IE,2021-05-20 03:19:55,52.3342,-6.4575,50.58,92,100,18.45
338,Verona,IT,2021-05-20 03:19:55,45.4167,11.0333,51.39,80,0,1.99
339,Itarema,BR,2021-05-20 03:19:55,-2.9248,-39.9167,76.73,87,4,9.62
340,Aketi,CD,2021-05-20 03:19:55,2.7388,23.7833,70.25,100,98,1.68
341,Simao,CN,2021-05-20 03:19:56,22.7886,100.9748,85.95,42,48,6.15
342,Cap Malheureux,MU,2021-05-20 03:19:56,-19.9842,57.6142,72.46,76,14,5.99
343,North Bend,US,2021-05-20 03:19:56,43.4065,-124.2243,52.99,73,1,12.66
344,Marienburg,PL,2021-05-20 03:19:57,54.0359,19.0266,45.88,93,3,7.65
345,Calvinia,ZA,2021-05-20 03:19:58,-31.4707,19.776,48.31,66,100,4.72
346,Poronaysk,RU,2021-05-20 03:18:07,49.2167,143.1167,58.75,62,25,17.58
347,Antsohihy,MG,2021-05-20 03:18:33,-14.8796,47.9875,70.29,69,0,8.7
348,Ayagoz,KZ,2021-05-20 03:19:58,47.9714,80.4392,52.63,52,14,20.47
349,Cuenca,EC,2021-05-20 03:18:10,-2.8833,-78.9833,57.33,88,85,3.44
350,Suntar,RU,2021-05-20 03:19:59,62.1444,117.6319,47.21,22,99,9.53
351,Kavaratti,IN,2021-05-20 03:19:15,10.5669,72.642,83.88,76,99,12.48
352,Leningradskiy,RU,2021-05-20 03:19:59,69.3833,178.4167,34.63,85,99,7.34
353,Tautira,PF,2021-05-20 03:20:00,-17.7333,-149.15,82.42,79,96,21.59
354,Caborca,MX,2021-05-20 03:20:00,30.5838,-111.101,80.49,20,0,13.78
355,Yagodnoye,RU,2021-05-20 03:20:01,62.55,149.6667,36.34,100,100,4.18
356,Sitio Novo Do Tocantins,BR,2021-05-20 03:20:01,-5.5183,-47.4611,72.18,96,48,2.82
357,Ancud,CL,2021-05-20 03:20:01,-41.8697,-73.8203,51.22,84,12,14.88
358,Solnechnyy,RU,2021-05-20 03:20:02,50.7214,136.6319,50.18,79,100,5.26
359,Kautokeino,NO,2021-05-20 03:20:02,69.0125,23.0412,38.48,97,100,11.1
360,Devonport,AU,2021-05-20 03:18:31,-41.1667,146.35,58.08,49,27,13.85
361,Raga,SS,2021-05-20 03:20:03,8.4596,25.678,70.92,87,96,4.41
362,Zinder,NE,2021-05-20 03:15:26,13.8072,8.9881,83.68,14,96,6.22
363,Yuzhnyy,RU,2021-05-20 03:20:04,53.2542,83.6936,46.78,34,0,10.85
364,Gao,ML,2021-05-20 03:20:04,16.6362,1.637,88.41,25,20,1.97
365,Belmonte,BR,2021-05-20 03:20:04,-15.8631,-38.8828,70.3,78,3,2.55
366,Tabou,CI,2021-05-20 03:20:05,4.423,-7.3528,78.21,80,100,4.97
367,Cartagena Del Chaira,CO,2021-05-20 03:16:07,1.3349,-74.8429,71.71,98,100,0.96
368,Cayenne,GF,2021-05-20 03:20:05,4.9333,-52.3333,76.08,90,75,10.78
369,Longyearbyen,SJ,2021-05-20 03:20:06,78.2186,15.6401,24.64,80,90,3.44
370,Puerto Escondido,MX,2021-05-20 03:20:06,15.85,-97.0667,82.96,74,2,7.54
371,Cidreira,BR,2021-05-20 03:20:06,-30.1811,-50.2056,55.98,78,100,4.12
372,Shingu,JP,2021-05-20 03:20:07,33.7333,135.9833,70.79,99,100,1.54
373,Khor,RU,2021-05-20 03:20:07,47.8861,134.9464,78.17,44,21,15.9
374,Nagato,JP,2021-05-20 03:20:07,34.3833,131.2,67.89,98,100,8.5
375,Redlands,US,2021-05-20 03:20:08,34.0556,-117.1825,71.94,62,1,1.99
376,Innisfail,AU,2021-05-20 03:20:08,-17.5333,146.0333,73.76,86,62,12.97
377,Tarakan,ID,2021-05-20 03:20:08,3.3,117.6333,85.5,79,40,5.75
378,Walvis Bay,NA,2021-05-20 03:19:26,-22.9575,14.5053,61.09,82,0,4.18
379,Bitung,ID,2021-05-20 03:20:09,1.4451,125.1824,92.25,70,62,6.08
380,Rio Gallegos,AR,2021-05-20 03:20:09,-51.6226,-69.2181,46.45,100,90,5.75
381,Hokitika,NZ,2021-05-20 03:20:09,-42.7167,170.9667,55.17,74,99,3.51
382,Mikuni,JP,2021-05-20 03:20:10,36.2171,136.1519,66.11,68,100,3.67
383,Tecoanapa,MX,2021-05-20 03:20:10,16.5167,-98.75,82.18,67,0,6.8
384,Bubaque,GW,2021-05-20 03:18:12,11.2833,-15.8333,79.07,82,100,12.08
385,High Level,CA,2021-05-20 03:20:11,58.5169,-117.136,50.11,32,20,4.12
386,Zabol,AF,2021-05-20 03:20:11,32.25,67.25,70.14,14,0,3.02
387,Taoudenni,ML,2021-05-20 03:20:12,22.6783,-3.9836,95.49,16,98,18.43
388,Pervomayskoye,RU,2021-05-20 03:20:12,43.919,46.7102,64.63,64,91,2.82
389,Ust-Kut,RU,2021-05-20 03:20:13,56.7938,105.7672,44.47,32,100,7.56
390,San Jeronimo,PE,2021-05-20 03:20:14,-11.9472,-75.2829,49.98,82,89,2.57
391,The Pas,CA,2021-05-20 03:20:14,53.8251,-101.2541,35.62,60,90,11.61
392,Whitianga,NZ,2021-05-20 03:20:15,-36.8333,175.7,65.01,80,88,3.67
393,Fare,PF,2021-05-20 03:20:15,-16.7,-151.0167,81.48,76,100,19.86
394,Ariquemes,BR,2021-05-20 03:20:15,-9.9133,-63.0408,72.48,95,69,1.77
395,Santiago De Chuco,PE,2021-05-20 03:20:16,-8.15,-78.1833,50.94,88,86,1.16
396,Samarai,PG,2021-05-20 03:20:16,-10.6167,150.6667,80.38,84,100,14.41
397,Hobyo,SO,2021-05-20 03:20:17,5.3505,48.5268,79.57,78,81,23.87
398,Killam,CA,2021-05-20 03:20:17,52.7834,-111.8518,38.79,81,100,8.05
399,Homer,US,2021-05-20 03:20:17,59.6425,-151.5483,44.76,70,90,5.75
400,Buenos Aires,AR,2021-05-20 03:19:20,-34.6132,-58.3772,58.95,85,0,17.27
401,Port Maria,JM,2021-05-20 03:20:18,18.3685,-76.8895,82.36,83,45,10.54
402,Chapada Dos Guimaraes,BR,2021-05-20 03:20:19,-15.4606,-55.7497,64.06,44,46,5.68
403,Hualmay,PE,2021-05-20 03:18:35,-11.0964,-77.6139,63.25,88,22,8.52
404,Korbach,DE,2021-05-20 03:20:19,51.2756,8.873,45.82,96,66,3.18
405,Kemijarvi,FI,2021-05-20 03:20:19,66.7131,27.4306,47.64,99,100,5.1
406,Shushenskoye,RU,2021-05-20 03:20:20,53.325,91.9356,51.48,63,100,5.41
407,Port Hedland,AU,2021-05-20 03:20:20,-20.3167,118.5667,89.65,12,0,13.8
408,Palauig,PH,2021-05-20 03:20:21,15.435,119.9045,89.62,56,56,8.86
409,Waingapu,ID,2021-05-20 03:20:21,-9.6567,120.2641,85.91,66,59,13.89
410,Namibe,AO,2021-05-20 03:20:21,-15.1961,12.1522,74.79,44,0,7.56
411,Kuopio,FI,2021-05-20 03:20:22,62.8924,27.677,57.15,97,90,14.83
412,Port Moresby,PG,2021-05-20 03:20:22,-9.4431,147.1797,86.05,70,99,17.02
413,Larap,PH,2021-05-20 03:20:22,14.299,122.6504,88.0,64,100,7.63
414,San Cristobal,VE,2021-05-20 03:20:22,7.7669,-72.225,75.38,98,61,3.13
415,Murgab,TM,2021-05-20 03:20:23,37.4966,61.9714,75.07,18,0,4.56
416,Tilichiki,RU,2021-05-20 03:20:23,60.4667,166.1,32.22,99,100,4.25
417,Salinopolis,BR,2021-05-20 03:20:23,-0.6136,-47.3561,79.48,82,0,8.1
418,Abnub,EG,2021-05-20 03:20:24,27.2696,31.1511,74.07,37,0,11.9
419,Great Yarmouth,GB,2021-05-20 03:20:24,52.6083,1.7305,45.01,89,57,6.22
420,Aitape,PG,2021-05-20 03:20:25,-3.1374,142.3475,85.68,68,51,4.72
421,Arraias,BR,2021-05-20 03:20:25,-12.9288,-46.9437,68.49,54,4,2.53
422,Palkonda,IN,2021-05-20 03:20:26,18.6,83.75,91.33,54,53,8.81
423,Glenwood Springs,US,2021-05-20 03:19:10,39.5505,-107.3248,68.92,71,17,3.33
424,Yulara,AU,2021-05-20 03:20:12,-25.2406,130.9889,71.44,17,100,9.22
425,Nantucket,US,2021-05-20 03:17:03,41.2835,-70.0995,54.97,87,1,5.75
426,Havre-Saint-Pierre,CA,2021-05-20 03:20:28,50.2334,-63.5986,41.36,100,40,2.3
427,Ingham,US,2021-05-20 03:20:28,42.6,-84.3833,69.75,77,1,6.91
428,Matagami,CA,2021-05-20 03:20:29,49.7502,-77.6328,66.31,77,90,5.59
429,Zhigansk,RU,2021-05-20 03:20:29,66.7697,123.3711,41.61,42,27,1.97
430,Shenandoah,US,2021-05-20 03:20:29,30.4013,-91.0009,75.09,96,31,1.99
431,Aleksandrov Gay,RU,2021-05-20 03:20:30,50.147,48.5704,62.47,78,96,12.75
432,Manzhouli,CN,2021-05-20 03:20:31,49.6,117.4333,63.07,42,35,11.16
433,Buzmeyin,TM,2021-05-20 03:20:32,38.0507,58.2056,80.33,24,0,9.89
434,Oranjemund,NA,2021-05-20 03:20:32,-28.55,16.4333,57.79,81,48,11.27
435,Tessalit,ML,2021-05-20 03:20:32,20.1986,1.0114,89.94,22,25,9.75
436,Morbegno,IT,2021-05-20 03:20:33,46.1383,9.57,52.61,74,49,7.94
437,Ambulu,ID,2021-05-20 03:20:33,-8.345,113.6058,84.47,67,27,4.45
438,Udachnyy,RU,2021-05-20 03:18:25,66.4167,112.4,33.44,100,99,8.63
439,Milkovo,RU,2021-05-20 03:20:33,54.7167,158.6167,61.59,40,60,9.53
440,Priiskovyy,RU,2021-05-20 03:20:34,51.9333,116.6333,58.69,43,100,9.06
441,Antalaha,MG,2021-05-20 03:20:34,-14.9003,50.2788,73.15,71,45,10.51
442,Shafranovo,RU,2021-05-20 03:20:35,53.9667,54.7667,58.91,63,0,9.91
443,Chapais,CA,2021-05-20 03:20:35,49.7834,-74.8492,60.58,72,95,5.75
444,Chemax,MX,2021-05-20 03:20:36,20.65,-87.9333,77.31,86,84,3.85
445,Borujerd,IR,2021-05-20 03:20:36,33.8973,48.7516,52.34,29,0,2.77
446,Envira,BR,2021-05-20 03:20:37,-7.3,-70.2167,72.1,96,100,2.8
447,Thinadhoo,MV,2021-05-20 03:20:37,0.5333,72.9333,84.34,68,5,10.49
448,Maldonado,UY,2021-05-20 03:20:37,-34.6667,-54.9167,46.22,89,93,2.37
449,Shitanjing,CN,2021-05-20 03:20:38,39.2342,106.3439,72.73,16,0,16.53
450,Soe,ID,2021-05-20 03:20:38,-9.8607,124.284,79.77,47,53,7.38
451,Bilma,NE,2021-05-20 03:20:38,18.6853,12.9164,84.65,10,0,12.91
452,Aswan,EG,2021-05-20 03:20:39,24.0934,32.907,80.11,23,0,5.48
453,Mildura,AU,2021-05-20 03:20:39,-34.2,142.15,68.07,30,90,4.61
454,Nautla,MX,2021-05-20 03:20:39,20.2167,-96.7833,72.95,87,100,12.3
455,Lucapa,AO,2021-05-20 03:20:40,-8.4192,20.7447,63.77,65,32,3.44
456,Manali,IN,2021-05-20 03:20:40,13.1667,80.2667,89.69,56,83,7.67
457,Derzhavinsk,KZ,2021-05-20 03:20:41,51.1,66.3167,60.89,48,4,9.4
458,Husavik,IS,2021-05-20 03:20:41,66.0449,-17.3389,32.22,74,10,3.0
459,Palana,RU,2021-05-20 03:20:42,59.1167,159.9667,31.51,89,100,21.12
460,Sungaipenuh,ID,2021-05-20 03:20:42,-2.0833,101.3833,78.13,66,56,1.95
461,Katherine,AU,2021-05-20 03:20:43,-14.4667,132.2667,89.92,32,0,12.97
462,Chicama,PE,2021-05-20 03:20:43,-7.8447,-79.1469,65.64,85,91,5.44
463,Starachowice,PL,2021-05-20 03:20:44,51.0374,21.0713,47.62,96,58,5.28
464,Yerbogachen,RU,2021-05-20 03:20:44,61.2767,108.0108,43.39,26,39,2.89
465,Tarpa,HU,2021-05-20 03:20:44,48.1048,22.5374,53.73,87,100,8.14
466,Grand-Santi,GF,2021-05-20 03:20:45,4.25,-54.3833,73.08,100,100,2.01
467,Severnoye,RU,2021-05-20 03:20:45,56.3491,78.3619,42.55,37,0,11.63
468,Magway,MM,2021-05-20 03:20:46,20.15,94.9167,94.96,39,99,8.72
469,Sarkand,KZ,2021-05-20 03:20:46,45.41,79.9186,52.68,97,100,2.91
470,Kirakira,SB,2021-05-20 03:18:58,-10.4544,161.9205,80.13,88,99,6.49
471,Tahoua,NE,2021-05-20 03:20:47,14.8888,5.2692,84.65,22,0,1.28
472,Asosa,ET,2021-05-20 03:20:48,10.0667,34.5333,61.86,91,100,3.0
473,Oruro,BO,2021-05-20 03:20:48,-17.9833,-67.15,41.16,23,14,2.68
474,College,US,2021-05-20 03:20:48,64.8569,-147.8028,62.98,37,1,4.61
475,Mount Isa,AU,2021-05-20 03:20:49,-20.7333,139.5,80.37,32,54,12.66
476,Tura,IN,2021-05-20 03:20:49,25.5198,90.2201,80.73,83,100,5.86
477,Ewa Beach,US,2021-05-20 03:20:50,21.3156,-158.0072,82.35,44,20,19.57
478,Ouadda,CF,2021-05-20 03:20:50,8.0777,22.4007,70.59,83,99,3.22
479,Hirara,JP,2021-05-20 03:20:50,24.8,125.2833,87.66,79,75,20.71
480,Oudtshoorn,ZA,2021-05-20 03:20:51,-33.5907,22.2014,50.36,31,98,5.99
481,Boddam,GB,2021-05-20 03:17:17,57.4667,-1.7833,44.98,69,100,1.36
482,Conceicao Da Barra,BR,2021-05-20 03:17:42,-18.5933,-39.7322,69.28,89,0,1.01
483,Saint-Omer,FR,2021-05-20 03:20:51,50.75,2.1667,44.96,92,95,5.88
484,Athabasca,CA,2021-05-20 03:20:52,54.7169,-113.2854,37.81,91,100,2.89
485,Nannilam,IN,2021-05-20 03:20:52,10.8793,79.6106,88.18,58,92,10.49
486,Purpe,RU,2021-05-20 03:20:52,64.4803,76.6897,34.95,45,100,8.43
487,Svetlaya,RU,2021-05-20 03:20:53,46.5389,138.3297,59.74,68,83,12.82
488,Coquimbo,CL,2021-05-20 03:19:36,-29.9533,-71.3436,56.93,80,75,2.57
489,Chuguyevka,RU,2021-05-20 03:20:53,44.1653,133.8633,86.2,23,1,8.7
490,Channel-Port Aux Basques,CA,2021-05-20 03:20:54,47.5702,-59.1367,41.52,91,85,9.64
491,Chuy,UY,2021-05-20 03:20:55,-33.6971,-53.4616,49.33,86,100,3.74
492,Port Lincoln,AU,2021-05-20 03:20:55,-34.7333,135.8667,67.8,43,100,0.92
493,Lamar,US,2021-05-20 03:20:57,33.6668,-95.5836,73.06,96,1,5.93
494,Half Moon Bay,US,2021-05-20 03:16:21,37.4636,-122.4286,59.61,74,1,4.0
495,Saint-Augustin,CA,2021-05-20 03:20:57,51.226,-58.6502,48.9,69,100,4.32
496,Termiz,UZ,2021-05-20 03:20:58,37.2242,67.2783,87.03,29,0,4.61
497,Talara,PE,2021-05-20 03:20:58,-4.5772,-81.2719,69.15,88,71,11.83
498,Okha,RU,2021-05-20 03:20:58,53.5739,142.9478,36.39,96,100,7.38
499,Asfi,MA,2021-05-20 03:20:59,32.2994,-9.2372,65.91,73,0,12.82
500,Chambas,CU,2021-05-20 03:18:06,22.1928,-78.9136,78.42,88,100,11.27
501,Namatanai,PG,2021-05-20 03:19:32,-3.6667,152.4333,85.87,66,77,4.54
502,Nueva Imperial,CL,2021-05-20 03:21:00,-38.7333,-72.95,48.85,80,100,3.6
503,Shache,CN,2021-05-20 03:20:18,38.4167,77.2406,76.44,17,100,8.3
504,Burgersdorp,ZA,2021-05-20 03:21:01,-30.9977,26.3286,49.98,58,99,5.84
505,Brae,GB,2021-05-20 03:21:01,60.3964,-1.353,39.11,72,58,9.82
506,Kununurra,AU,2021-05-20 03:21:01,-15.7667,128.7333,89.58,33,6,8.05
507,Olavarria,AR,2021-05-20 03:20:15,-36.8927,-60.3225,51.03,93,100,4.0
508,Luganville,VU,2021-05-20 03:21:02,-15.5333,167.1667,77.95,83,100,11.18
509,Victoria,HK,2021-05-20 03:21:02,22.2855,114.1577,91.45,75,100,1.01
510,Barranca,PE,2021-05-20 03:21:03,-10.75,-77.7667,63.0,86,57,7.0
511,Mayo,US,2021-05-20 03:21:03,38.8876,-76.5119,72.95,70,1,3.0
512,Ashland,US,2021-05-20 03:21:04,40.8167,-82.2665,68.14,74,100,1.57
513,Chingirlau,KZ,2021-05-20 03:21:04,51.095,54.0814,64.31,67,100,17.74
514,Kuah,MY,2021-05-20 03:21:04,6.3265,99.8432,84.2,72,20,5.91
515,Crewe,GB,2021-05-20 03:21:05,53.0979,-2.4416,47.82,87,100,3.0
516,Osorio,BR,2021-05-20 03:16:19,-29.8867,-50.2697,50.16,80,100,2.13
517,Aragats,AM,2021-05-20 03:21:05,40.4889,44.3528,47.77,63,0,1.99
518,La Union,PE,2021-05-20 03:21:05,-5.4,-80.75,70.54,72,12,12.62
519,Nchelenge,ZM,2021-05-20 03:21:06,-9.3451,28.734,67.19,72,100,6.22
520,Pedernales,DO,2021-05-20 03:21:07,18.0384,-71.744,78.76,77,20,4.9
521,Ballina,AU,2021-05-20 03:21:07,-28.8667,153.5667,69.98,63,8,5.19
522,Palimbang,PH,2021-05-20 03:21:07,6.2106,124.1894,84.54,76,63,3.8
523,Tartagal,AR,2021-05-20 03:20:36,-22.5164,-63.8013,65.84,84,9,1.81
524,Nizhniy Kuranakh,RU,2021-05-20 03:21:08,58.8353,125.4869,45.27,52,100,3.22
525,Zhanakorgan,KZ,2021-05-20 03:21:08,43.9098,67.2495,79.75,31,35,5.19
526,Lompoc,US,2021-05-20 03:20:11,34.6391,-120.4579,56.12,71,1,8.05
527,Safaga,EG,2021-05-20 03:21:10,26.7292,33.9365,81.32,40,0,11.45
528,Buala,SB,2021-05-20 03:21:10,-8.145,159.5921,84.27,74,99,6.15
529,Venice,US,2021-05-20 03:21:10,27.0998,-82.4543,78.15,71,1,4.0
530,Seydi,TM,2021-05-20 03:21:11,39.4816,62.9137,83.48,11,2,5.91
531,Kenai,US,2021-05-20 03:19:27,60.5544,-151.2583,50.02,87,90,8.05
532,Mamallapuram,IN,2021-05-20 03:21:11,12.6264,80.1722,89.65,59,46,7.87
533,Sarakhs,IR,2021-05-20 03:21:12,36.5449,61.1577,80.74,29,0,4.61
534,Champerico,GT,2021-05-20 03:21:12,14.3,-91.9167,83.35,74,42,2.95
535,Huilong,CN,2021-05-20 03:21:12,31.8111,121.655,68.04,88,100,11.23
536,Saint-Leu,RE,2021-05-20 03:21:13,-21.15,55.2833,72.46,74,50,23.33
537,Lata,PT,2021-05-20 03:21:14,40.1629,-8.3327,52.92,85,63,2.46
538,Deputatskiy,RU,2021-05-20 03:19:21,69.3,139.9,30.29,81,86,4.85
539,Tadine,NC,2021-05-20 03:20:22,-21.55,167.8833,76.08,69,69,7.25
540,Matara,LK,2021-05-20 03:21:14,5.9485,80.5353,83.57,78,93,10.29
541,Saltpond,GH,2021-05-20 03:21:15,5.2091,-1.0606,78.55,88,92,8.41
542,Pavilosta,LV,2021-05-20 03:21:15,56.8879,21.1859,49.95,88,100,7.78
543,Stonewall,CA,2021-05-20 03:21:15,50.1344,-97.3268,69.48,44,65,8.63
544,Candolim,IN,2021-05-20 03:21:16,15.5181,73.7626,77.0,80,75,6.58
545,Nenjiang,CN,2021-05-20 03:21:16,49.1833,125.2167,65.62,36,66,10.6
546,Braco Do Norte,BR,2021-05-20 03:21:17,-28.275,-49.1656,49.96,91,97,1.68
547,Atbasar,KZ,2021-05-20 03:21:17,51.8,68.3333,58.03,47,72,5.61
548,Abu Dhabi,AE,2021-05-20 03:21:17,24.4667,54.3667,84.22,59,0,5.95
549,Burnie,AU,2021-05-20 03:21:18,-41.0667,145.9167,57.94,56,27,13.51
550,Jalu,LY,2021-05-20 03:20:52,29.0331,21.5482,77.05,24,0,6.4
551,Santiago De Cao,PE,2021-05-20 03:21:18,-7.9589,-79.2392,64.35,88,99,9.51
552,Lagoa,PT,2021-05-20 03:19:17,39.05,-27.9833,59.02,86,100,16.4
553,Igrim,RU,2021-05-20 03:21:19,63.1906,64.4162,62.4,72,100,7.45
554,Nuqui,CO,2021-05-20 03:21:19,5.7125,-77.2708,78.33,87,71,1.68
555,Neiafu,TO,2021-05-20 03:21:19,-18.65,-173.9833,83.08,74,20,6.91
556,Progreso,MX,2021-05-20 03:21:19,21.2833,-89.6667,91.51,69,7,11.34
557,Xalpatlahuac,MX,2021-05-20 03:21:20,17.4667,-98.6167,64.2,79,2,6.02
558,Luwuk,ID,2021-05-20 03:21:20,-0.9516,122.7875,84.42,76,92,7.29
559,Babanka,UA,2021-05-20 03:21:20,48.7097,30.4483,48.51,95,37,8.08
560,Saint Anthony,US,2021-05-20 03:21:21,45.0205,-93.218,68.94,95,90,4.0
561,Neuquen,AR,2021-05-20 03:20:24,-38.9516,-68.0591,55.29,94,75,4.61
562,Morro Bay,US,2021-05-20 03:21:21,35.3658,-120.8499,63.48,80,0,3.0
563,Tavda,RU,2021-05-20 03:21:21,58.0425,65.2726,61.36,48,50,7.61
564,Buraydah,SA,2021-05-20 03:18:23,26.326,43.975,79.25,9,82,7.31
565,Port Blair,IN,2021-05-20 03:21:22,11.6667,92.75,85.89,68,100,7.05
566,Portel,BR,2021-05-20 03:21:22,-1.9356,-50.8211,73.47,96,5,2.19
567,Gwadar,PK,2021-05-20 03:21:22,25.1216,62.3254,85.6,75,1,6.35
568,Grenfell,AU,2021-05-20 03:21:23,-33.9,148.1667,59.67,47,36,8.03
569,Pimentel,PE,2021-05-20 03:21:23,-6.8367,-79.9342,64.99,86,85,3.0
570,Kandri,IN,2021-05-20 03:21:23,21.4167,79.2667,85.57,53,26,10.63
571,Edd,ER,2021-05-20 03:21:24,13.9297,41.6925,88.23,38,94,4.65
572,Baykit,RU,2021-05-20 03:19:10,61.67,96.37,37.99,64,100,5.3
